created_at|latitude|longitude
2016-11-07 06:34:03|1.384618|103.758063
2016-11-07 06:34:13|1.385874|103.756824
2016-11-07 06:34:22|1.386309|103.757248
2016-11-07 06:34:33|1.386023|103.757354
2016-11-07 06:34:42|1.386097|103.756977
2016-11-07 06:34:53|1.386125|103.757384
2016-11-07 06:34:53|1.386125|103.757384
2016-11-07 06:35:13|1.386123|103.757746
2016-11-07 06:35:24|1.385920|103.757570
2016-11-07 06:35:24|1.385920|103.757570
2016-11-07 06:35:45|1.385941|103.756906
2016-11-07 06:35:56|1.386342|103.758388
2016-11-07 06:36:06|1.386152|103.757765
2016-11-07 06:36:06|1.386152|103.757765
2016-11-07 06:36:27|1.385853|103.756858
2016-11-07 06:36:37|1.389019|103.757700
2016-11-07 06:36:47|1.384618|103.758063
2016-11-07 06:37:09|1.386583|103.757754
2016-11-07 06:37:09|1.386583|103.757754
2016-11-07 06:37:28|1.386194|103.758017
2016-11-07 06:37:38|1.385789|103.758425
2016-11-07 06:37:38|1.385789|103.758425
2016-11-07 06:37:50|1.386045|103.758560
2016-11-07 06:38:00|1.385677|103.758651
2016-11-07 06:38:10|1.386504|103.759616
2016-11-07 06:38:20|1.385470|103.759408
2016-11-07 06:38:31|1.384619|103.760309
2016-11-07 06:38:41|1.384106|103.759587
2016-11-07 06:38:52|1.383949|103.759246
2016-11-07 06:39:03|1.383949|103.759246
2016-11-07 06:39:13|1.383949|103.759246
2016-11-07 06:39:23|1.383949|103.759246
2016-11-07 06:39:33|1.383949|103.759246
2016-11-07 06:39:43|1.383949|103.759246
2016-11-07 06:39:54|1.383767|103.758979
2016-11-07 06:40:04|1.384301|103.758302
2016-11-07 06:40:14|1.385305|103.757279
2016-11-07 06:40:24|1.386223|103.756607
2016-11-07 06:40:34|1.387058|103.756017
2016-11-07 06:40:45|1.388505|103.755194
2016-11-07 06:40:55|1.390154|103.754586
2016-11-07 06:41:05|1.391851|103.754160
2016-11-07 06:41:16|1.393338|103.753989
2016-11-07 06:41:26|1.394622|103.753825
2016-11-07 06:41:37|1.396232|103.754248
2016-11-07 06:41:48|1.397911|103.754825
2016-11-07 06:41:59|1.399533|103.755407
2016-11-07 06:42:09|1.401350|103.755781
2016-11-07 06:42:19|1.403259|103.756097
2016-11-07 06:42:19|1.403259|103.756097
2016-11-07 06:42:30|1.405306|103.756090
2016-11-07 06:42:40|1.407134|103.756181
2016-11-07 06:42:51|1.408802|103.755909
2016-11-07 06:43:02|1.410369|103.755692
2016-11-07 06:43:13|1.411219|103.755758
2016-11-07 06:43:23|1.411219|103.755758
2016-11-07 06:43:34|1.411396|103.755776
2016-11-07 06:43:45|1.411656|103.756657
2016-11-07 06:43:56|1.411813|103.757955
2016-11-07 06:44:07|1.411972|103.759423
2016-11-07 06:44:17|1.411700|103.760926
2016-11-07 06:44:27|1.410941|103.762568
2016-11-07 06:44:37|1.410478|103.764339
2016-11-07 06:44:47|1.410369|103.766058
2016-11-07 06:44:58|1.410207|103.767974
2016-11-07 06:45:08|1.410227|103.769710
2016-11-07 06:45:19|1.410174|103.770890
2016-11-07 06:45:19|1.410174|103.770890
2016-11-07 06:45:30|1.410175|103.770913
2016-11-07 06:45:40|1.410169|103.770953
2016-11-07 06:45:51|1.410087|103.771762
2016-11-07 06:46:02|1.410049|103.773286
2016-11-07 06:46:13|1.410617|103.775262
2016-11-07 06:46:23|1.410898|103.777233
2016-11-07 06:46:34|1.410849|103.778360
2016-11-07 06:46:44|1.410797|103.779114
2016-11-07 06:46:54|1.410769|103.780715
2016-11-07 06:47:04|1.410902|103.782583
2016-11-07 06:47:14|1.411388|103.784337
2016-11-07 06:47:25|1.412005|103.786321
2016-11-07 06:47:35|1.412472|103.788351
2016-11-07 06:47:46|1.412897|103.790527
2016-11-07 06:47:56|1.413599|103.792516
2016-11-07 06:48:07|1.414344|103.794613
2016-11-07 06:48:17|1.414910|103.796520
2016-11-07 06:48:28|1.415459|103.798550
2016-11-07 06:48:38|1.415863|103.800273
2016-11-07 06:48:48|1.415999|103.800956
2016-11-07 06:48:59|1.415999|103.800956
2016-11-07 06:48:59|1.415999|103.800956
2016-11-07 06:49:10|1.416113|103.801476
2016-11-07 06:49:20|1.416146|103.803016
2016-11-07 06:49:31|1.415020|103.804681
2016-11-07 06:49:42|1.414292|103.806376
2016-11-07 06:49:52|1.415056|103.808004
2016-11-07 06:50:03|1.415538|103.809859
2016-11-07 06:50:13|1.415099|103.811654
2016-11-07 06:50:24|1.414213|103.813662
2016-11-07 06:50:35|1.413663|103.815842
2016-11-07 06:50:46|1.413986|103.818104
2016-11-07 06:50:57|1.414306|103.820311
2016-11-07 06:51:07|1.414076|103.821983
2016-11-07 06:51:18|1.413757|103.822752
2016-11-07 06:51:28|1.413207|103.823539
2016-11-07 06:51:39|1.412150|103.824940
2016-11-07 06:51:49|1.411140|103.826484
2016-11-07 06:51:49|1.411140|103.826484
2016-11-07 06:52:00|1.410382|103.828365
2016-11-07 06:52:11|1.410146|103.829228
2016-11-07 06:52:21|1.410146|103.829228
2016-11-07 06:52:31|1.410146|103.829228
2016-11-07 06:52:42|1.410146|103.829228
2016-11-07 06:52:53|1.410146|103.829228
2016-11-07 06:53:04|1.410055|103.829626
2016-11-07 06:53:15|1.409186|103.829321
2016-11-07 06:53:25|1.407766|103.828594
2016-11-07 06:53:35|1.406176|103.827919
2016-11-07 06:53:45|1.404382|103.827534
2016-11-07 06:53:56|1.402302|103.827545
2016-11-07 06:54:07|1.400333|103.828000
2016-11-07 06:54:18|1.398555|103.828845
2016-11-07 06:54:29|1.396857|103.830199
2016-11-07 06:54:39|1.395621|103.831808
2016-11-07 06:54:39|1.395621|103.831808
2016-11-07 06:54:50|1.394520|103.833620
2016-11-07 06:55:00|1.393575|103.835098
2016-11-07 06:55:11|1.392552|103.836694
2016-11-07 06:55:22|1.391561|103.838240
2016-11-07 06:55:32|1.390616|103.839752
2016-11-07 06:55:42|1.389381|103.840951
2016-11-07 06:55:52|1.388333|103.841506
2016-11-07 06:56:03|1.388121|103.841742
2016-11-07 06:56:13|1.388108|103.841830
2016-11-07 06:56:24|1.388462|103.842489
2016-11-07 06:56:34|1.389404|103.843761
2016-11-07 06:56:44|1.390285|103.844913
2016-11-07 06:56:55|1.390374|103.845015
2016-11-07 06:57:05|1.390685|103.845370
2016-11-07 06:57:15|1.391466|103.846609
2016-11-07 06:57:25|1.392137|103.848158
2016-11-07 06:57:36|1.392534|103.849934
2016-11-07 06:57:46|1.392566|103.851446
2016-11-07 06:57:57|1.392317|103.853001
2016-11-07 06:58:08|1.391969|103.854736
2016-11-07 06:58:18|1.391614|103.856259
2016-11-07 06:58:28|1.391295|103.857522
2016-11-07 06:58:39|1.391241|103.857793
2016-11-07 06:58:49|1.391241|103.857793
2016-11-07 06:58:49|1.391241|103.857793
2016-11-07 06:59:00|1.391241|103.857793
2016-11-07 06:59:11|1.391241|103.857793
2016-11-07 06:59:21|1.391137|103.858107
2016-11-07 06:59:32|1.390827|103.859605
2016-11-07 06:59:43|1.390390|103.861203
2016-11-07 06:59:53|1.390016|103.862502
2016-11-07 07:00:04|1.389633|103.863870
2016-11-07 07:00:14|1.389285|103.865227
2016-11-07 07:00:24|1.388907|103.866649
2016-11-07 07:00:35|1.388557|103.868108
2016-11-07 07:00:45|1.388993|103.868802
2016-11-07 07:00:56|1.390051|103.868975
2016-11-07 07:01:06|1.390599|103.869060
2016-11-07 07:01:17|1.390599|103.869060
2016-11-07 07:01:28|1.390599|103.869060
2016-11-07 07:01:38|1.390599|103.869060
2016-11-07 07:01:48|1.390599|103.869060
2016-11-07 07:01:59|1.391060|103.869106
2016-11-07 07:02:09|1.391307|103.869688
2016-11-07 07:02:09|1.391307|103.869688
2016-11-07 07:02:21|1.391221|103.870744
2016-11-07 07:02:31|1.391289|103.871404
2016-11-07 07:02:41|1.392093|103.871934
2016-11-07 07:02:52|1.393132|103.872534
2016-11-07 07:03:02|1.393381|103.872611
2016-11-07 07:03:13|1.393677|103.872659
2016-11-07 07:03:23|1.394389|103.872768
2016-11-07 07:03:34|1.395211|103.872892
2016-11-07 07:03:44|1.396184|103.873025
2016-11-07 07:03:55|1.396882|103.873084
2016-11-07 07:04:06|1.397558|103.873141
2016-11-07 07:04:16|1.397773|103.873149
2016-11-07 07:04:27|1.398469|103.872942
2016-11-07 07:04:38|1.398854|103.872766
2016-11-07 07:04:49|1.399000|103.872861
2016-11-07 07:04:59|1.399102|103.872939
2016-11-07 07:04:59|1.399102|103.872939
2016-11-07 07:05:10|1.398418|103.873299
2016-11-07 07:05:20|1.398295|103.873221
2016-11-07 07:05:31|1.398366|103.873268
2016-11-07 07:05:41|1.398366|103.873268
2016-11-07 07:05:51|1.398366|103.873268
2016-11-07 07:06:02|1.398366|103.873268
2016-11-07 07:06:13|1.398234|103.873175
2016-11-07 07:06:23|1.398198|103.873124
2016-11-07 07:06:34|1.398198|103.873124
2016-11-07 07:06:44|1.398198|103.873124
2016-11-07 07:06:55|1.398176|103.873196
2016-11-07 07:07:06|1.398176|103.873196
2016-11-07 07:07:17|1.398176|103.873196
2016-11-07 07:07:28|1.398176|103.873196
2016-11-07 07:07:39|1.398176|103.873196
2016-11-07 07:07:39|1.398176|103.873196
2016-11-07 07:07:50|1.398176|103.873196
2016-11-07 07:08:00|1.398176|103.873196
2016-11-07 07:08:10|1.398176|103.873196
2016-11-07 07:08:20|1.398176|103.873196
2016-11-07 07:08:31|1.398176|103.873196
2016-11-07 07:08:41|1.398176|103.873196
2016-11-07 07:08:51|1.398176|103.873196
2016-11-07 07:09:02|1.398176|103.873196
2016-11-07 07:09:13|1.398176|103.873196
2016-11-07 07:09:24|1.398176|103.873196
2016-11-07 07:09:34|1.398176|103.873196
2016-11-07 07:09:44|1.398176|103.873196
2016-11-07 07:09:55|1.398176|103.873196
2016-11-07 07:10:06|1.398176|103.873196
2016-11-07 07:10:16|1.398138|103.873185
2016-11-07 07:10:27|1.398138|103.873185
2016-11-07 07:10:37|1.398138|103.873185
2016-11-07 07:10:48|1.398138|103.873185
2016-11-07 07:10:59|1.398138|103.873185
2016-11-07 07:10:59|1.398138|103.873185
2016-11-07 07:11:10|1.398138|103.873185
2016-11-07 07:11:20|1.398144|103.873183
2016-11-07 07:11:31|1.398144|103.873183
2016-11-07 07:11:41|1.398144|103.873183
2016-11-07 07:11:51|1.398144|103.873183
2016-11-07 07:12:02|1.398144|103.873183
2016-11-07 07:12:12|1.398144|103.873183
2016-11-07 07:12:22|1.398144|103.873183
2016-11-07 07:12:33|1.398144|103.873183
2016-11-07 07:12:44|1.398144|103.873183
2016-11-07 07:12:54|1.398144|103.873183
2016-11-07 07:13:05|1.398151|103.873183
2016-11-07 07:13:16|1.398151|103.873183
2016-11-07 07:13:26|1.398151|103.873183
2016-11-07 07:13:36|1.398151|103.873183
2016-11-07 07:13:47|1.398151|103.873183
2016-11-07 07:13:58|1.398159|103.873181
2016-11-07 07:14:09|1.398159|103.873181
2016-11-07 07:14:09|1.398159|103.873181
2016-11-07 07:14:20|1.398159|103.873181
2016-11-07 07:14:30|1.398159|103.873181
2016-11-07 07:14:40|1.398159|103.873181
2016-11-07 07:14:51|1.398159|103.873181
2016-11-07 07:15:01|1.398159|103.873181
2016-11-07 07:15:12|1.398159|103.873181
2016-11-07 07:15:22|1.398159|103.873181
2016-11-07 07:15:32|1.398159|103.873181
2016-11-07 07:15:43|1.398159|103.873181
2016-11-07 07:15:54|1.398159|103.873181
2016-11-07 07:16:04|1.398159|103.873181
2016-11-07 07:16:14|1.398159|103.873181
2016-11-07 07:16:24|1.398159|103.873181
2016-11-07 07:16:34|1.398159|103.873181
2016-11-07 07:16:44|1.398159|103.873181
2016-11-07 07:16:55|1.398159|103.873181
2016-11-07 07:17:05|1.398159|103.873181
2016-11-07 07:17:15|1.398159|103.873181
2016-11-07 07:17:26|1.398159|103.873181
2016-11-07 07:17:36|1.398159|103.873181
2016-11-07 07:17:46|1.398159|103.873181
2016-11-07 07:17:56|1.398159|103.873181
2016-11-07 07:18:06|1.398159|103.873181
2016-11-07 07:18:17|1.398159|103.873181
2016-11-07 07:18:27|1.398159|103.873181
2016-11-07 07:18:37|1.398159|103.873181
2016-11-07 07:18:48|1.398159|103.873181
2016-11-07 07:18:59|1.398159|103.873181
2016-11-07 07:19:09|1.398159|103.873181
2016-11-07 07:19:19|1.398159|103.873181
2016-11-07 07:19:29|1.398159|103.873181
2016-11-07 07:19:29|1.398159|103.873181
2016-11-07 07:19:40|1.398159|103.873181
2016-11-07 07:19:50|1.398159|103.873181
2016-11-07 07:20:01|1.398159|103.873181
2016-11-07 07:20:11|1.398159|103.873181
2016-11-07 07:20:22|1.398159|103.873181
2016-11-07 07:20:32|1.398159|103.873181
2016-11-07 07:20:43|1.398159|103.873181
2016-11-07 07:20:54|1.398159|103.873181
2016-11-07 07:21:05|1.398159|103.873181
2016-11-07 07:21:16|1.398159|103.873181
2016-11-07 07:21:26|1.398159|103.873181
2016-11-07 07:21:36|1.398159|103.873181
2016-11-07 07:21:47|1.398159|103.873181
2016-11-07 07:21:58|1.398159|103.873181
2016-11-07 07:22:09|1.398159|103.873181
2016-11-07 07:22:19|1.398159|103.873181
2016-11-07 07:22:29|1.398159|103.873181
2016-11-07 07:22:39|1.398159|103.873181
2016-11-07 07:22:39|1.398159|103.873181
2016-11-07 07:22:50|1.398159|103.873181
2016-11-07 07:23:01|1.398159|103.873181
2016-11-07 07:23:11|1.398159|103.873181
2016-11-07 07:23:22|1.398159|103.873181
2016-11-07 07:23:32|1.398159|103.873181
2016-11-07 07:23:43|1.398159|103.873181
2016-11-07 07:23:54|1.398159|103.873181
2016-11-07 07:24:04|1.398159|103.873181
2016-11-07 07:24:14|1.398159|103.873181
2016-11-07 07:24:25|1.398159|103.873181
2016-11-07 07:24:35|1.398159|103.873181
2016-11-07 07:24:45|1.398159|103.873181
2016-11-07 07:24:56|1.398159|103.873181
2016-11-07 07:25:06|1.398153|103.873181
2016-11-07 07:25:17|1.398153|103.873181
2016-11-07 07:25:28|1.398153|103.873181
2016-11-07 07:25:38|1.398153|103.873181
2016-11-07 07:25:49|1.398147|103.873186
2016-11-07 07:25:59|1.398150|103.873183
2016-11-07 07:26:09|1.398144|103.873172
2016-11-07 07:26:09|1.398144|103.873172
2016-11-07 07:26:20|1.398167|103.873094
2016-11-07 07:26:30|1.398219|103.873135
2016-11-07 07:26:40|1.398304|103.873202
2016-11-07 07:26:50|1.398325|103.873259
2016-11-07 07:27:01|1.398339|103.873285
2016-11-07 07:27:12|1.398333|103.873287
2016-11-07 07:27:22|1.398333|103.873287
2016-11-07 07:27:33|1.398333|103.873287
2016-11-07 07:27:44|1.398333|103.873287
2016-11-07 07:27:54|1.398333|103.873287
2016-11-07 07:28:05|1.398361|103.873215
2016-11-07 07:28:15|1.398318|103.873064
2016-11-07 07:28:25|1.397991|103.873167
2016-11-07 07:28:35|1.397105|103.873200
2016-11-07 07:28:45|1.396464|103.873122
2016-11-07 07:28:56|1.395682|103.873048
2016-11-07 07:29:07|1.394458|103.872920
2016-11-07 07:29:17|1.393069|103.872634
2016-11-07 07:29:27|1.391931|103.872017
2016-11-07 07:29:37|1.391660|103.871832
2016-11-07 07:29:48|1.391660|103.871832
2016-11-07 07:29:58|1.391660|103.871832
2016-11-07 07:30:09|1.391660|103.871832
2016-11-07 07:30:09|1.391660|103.871832
2016-11-07 07:30:20|1.391537|103.871710
2016-11-07 07:30:30|1.391057|103.871320
2016-11-07 07:30:41|1.391084|103.870301
2016-11-07 07:30:52|1.391105|103.869544
2016-11-07 07:31:03|1.390683|103.869181
2016-11-07 07:31:13|1.390284|103.869119
2016-11-07 07:31:24|1.389442|103.869010
2016-11-07 07:31:34|1.388963|103.868957
2016-11-07 07:31:45|1.388954|103.868956
2016-11-07 07:31:55|1.388954|103.868956
2016-11-07 07:32:05|1.388954|103.868956
2016-11-07 07:32:16|1.388954|103.868956
2016-11-07 07:32:27|1.388954|103.868956
2016-11-07 07:32:38|1.388954|103.868956
2016-11-07 07:32:49|1.388811|103.868942
2016-11-07 07:32:49|1.388811|103.868942
2016-11-07 07:33:00|1.388721|103.868928
2016-11-07 07:33:10|1.388433|103.868889
2016-11-07 07:33:21|1.388192|103.868337
2016-11-07 07:33:31|1.388519|103.867235
2016-11-07 07:33:42|1.388729|103.866380
2016-11-07 07:33:53|1.388941|103.865613
2016-11-07 07:34:03|1.389234|103.864567
2016-11-07 07:34:14|1.389249|103.863745
2016-11-07 07:34:24|1.388480|103.863122
2016-11-07 07:34:34|1.387764|103.862723
2016-11-07 07:34:45|1.387060|103.862314
2016-11-07 07:34:55|1.386278|103.861872
2016-11-07 07:35:06|1.385900|103.861609
2016-11-07 07:35:17|1.385128|103.861623
2016-11-07 07:35:28|1.384130|103.861745
2016-11-07 07:35:38|1.383494|103.861921
2016-11-07 07:35:49|1.382954|103.862146
2016-11-07 07:35:49|1.382954|103.862146
2016-11-07 07:36:00|1.382668|103.861696
2016-11-07 07:36:11|1.382835|103.861309
2016-11-07 07:36:21|1.383203|103.861114
2016-11-07 07:36:31|1.383369|103.860705
2016-11-07 07:36:41|1.383054|103.860458
2016-11-07 07:36:51|1.383044|103.860446
2016-11-07 07:37:02|1.383021|103.860399
2016-11-07 07:37:02|1.383021|103.860399
2016-11-07 07:37:13|1.382828|103.860187
2016-11-07 07:37:23|1.382504|103.860006
2016-11-07 07:37:33|1.382199|103.859889
2016-11-07 07:37:44|1.382199|103.859889
2016-11-07 07:37:54|1.382546|103.860027
2016-11-07 07:38:05|1.383031|103.860372
2016-11-07 07:38:15|1.383381|103.860694
2016-11-07 07:38:25|1.383253|103.861123
2016-11-07 07:38:36|1.382763|103.861495
2016-11-07 07:38:46|1.382861|103.862044
2016-11-07 07:38:57|1.383381|103.861916
2016-11-07 07:39:07|1.383934|103.861677
2016-11-07 07:39:17|1.384883|103.861576
2016-11-07 07:39:27|1.385661|103.861490
2016-11-07 07:39:38|1.385827|103.861457
2016-11-07 07:39:48|1.386046|103.861779
2016-11-07 07:39:59|1.386733|103.862065
2016-11-07 07:40:09|1.387364|103.862480
2016-11-07 07:40:19|1.388056|103.862875
2016-11-07 07:40:19|1.388056|103.862875
2016-11-07 07:40:30|1.388653|103.863182
2016-11-07 07:40:41|1.389269|103.863647
2016-11-07 07:40:51|1.389269|103.863647
2016-11-07 07:41:02|1.389269|103.863647
2016-11-07 07:41:12|1.389269|103.863647
2016-11-07 07:41:22|1.389269|103.863647
2016-11-07 07:41:32|1.389305|103.863675
2016-11-07 07:41:42|1.389544|103.863565
2016-11-07 07:41:53|1.389910|103.862323
2016-11-07 07:42:03|1.390260|103.861133
2016-11-07 07:42:13|1.390586|103.859873
2016-11-07 07:42:24|1.390996|103.858518
2016-11-07 07:42:34|1.391582|103.857724
2016-11-07 07:42:45|1.393190|103.857641
2016-11-07 07:42:56|1.394873|103.857388
2016-11-07 07:43:06|1.396131|103.856641
2016-11-07 07:43:17|1.397158|103.855145
2016-11-07 07:43:27|1.397391|103.853597
2016-11-07 07:43:38|1.396703|103.851827
2016-11-07 07:43:48|1.396362|103.850139
2016-11-07 07:43:59|1.396420|103.848099
2016-11-07 07:44:09|1.396480|103.846320
2016-11-07 07:44:19|1.396473|103.844724
2016-11-07 07:44:19|1.396473|103.844724
2016-11-07 07:44:30|1.396330|103.842990
2016-11-07 07:44:41|1.395993|103.841092
2016-11-07 07:44:52|1.395531|103.839238
2016-11-07 07:45:02|1.395127|103.837635
2016-11-07 07:45:13|1.394687|103.835874
2016-11-07 07:45:23|1.394308|103.834260
2016-11-07 07:45:33|1.393846|103.832510
2016-11-07 07:45:43|1.393366|103.830805
2016-11-07 07:45:54|1.392956|103.828849
2016-11-07 07:46:04|1.392791|103.826993
2016-11-07 07:46:15|1.392773|103.825071
2016-11-07 07:46:25|1.392928|103.823391
2016-11-07 07:46:35|1.393260|103.821656
2016-11-07 07:46:45|1.393563|103.820234
2016-11-07 07:46:56|1.393667|103.819162
2016-11-07 07:47:07|1.393422|103.818897
2016-11-07 07:47:18|1.392402|103.818630
2016-11-07 07:47:28|1.391212|103.818363
2016-11-07 07:47:38|1.390023|103.818138
2016-11-07 07:47:49|1.388565|103.818437
2016-11-07 07:47:49|1.388565|103.818437
2016-11-07 07:48:00|1.387499|103.819536
2016-11-07 07:48:11|1.386755|103.820776
2016-11-07 07:48:21|1.386061|103.821944
2016-11-07 07:48:32|1.385303|103.823096
2016-11-07 07:48:42|1.384630|103.824165
2016-11-07 07:48:52|1.383905|103.825177
2016-11-07 07:49:03|1.382918|103.825909
2016-11-07 07:49:14|1.381765|103.826485
2016-11-07 07:49:24|1.380726|103.826984
2016-11-07 07:49:35|1.379790|103.827460
2016-11-07 07:49:45|1.379363|103.827706
2016-11-07 07:49:55|1.379343|103.827717
2016-11-07 07:50:06|1.379343|103.827717
2016-11-07 07:50:16|1.379343|103.827717
2016-11-07 07:50:26|1.379343|103.827717
2016-11-07 07:50:37|1.379343|103.827717
2016-11-07 07:50:48|1.379343|103.827717
2016-11-07 07:50:58|1.379343|103.827717
2016-11-07 07:51:09|1.379343|103.827717
2016-11-07 07:51:19|1.379343|103.827717
2016-11-07 07:51:19|1.379343|103.827717
2016-11-07 07:51:30|1.379343|103.827717
2016-11-07 07:51:41|1.379343|103.827717
2016-11-07 07:51:52|1.379343|103.827717
2016-11-07 07:52:03|1.379343|103.827717
2016-11-07 07:52:13|1.379343|103.827717
2016-11-07 07:52:23|1.379343|103.827717
2016-11-07 07:52:34|1.379343|103.827717
2016-11-07 07:52:45|1.379343|103.827717
2016-11-07 07:52:56|1.379343|103.827717
2016-11-07 07:53:06|1.379343|103.827717
2016-11-07 07:53:17|1.379343|103.827717
2016-11-07 07:53:27|1.379343|103.827717
2016-11-07 07:53:38|1.379343|103.827717
2016-11-07 07:53:48|1.379343|103.827717
2016-11-07 07:53:59|1.379343|103.827717
2016-11-07 07:53:59|1.379343|103.827717
2016-11-07 07:54:10|1.379343|103.827717
2016-11-07 07:54:21|1.379343|103.827717
2016-11-07 07:54:31|1.379343|103.827717
2016-11-07 07:54:41|1.379335|103.827731
2016-11-07 07:54:51|1.379335|103.827731
2016-11-07 07:55:01|1.379335|103.827731
2016-11-07 07:55:12|1.379335|103.827731
2016-11-07 07:55:22|1.379335|103.827731
2016-11-07 07:55:33|1.379335|103.827731
2016-11-07 07:55:43|1.379335|103.827731
2016-11-07 07:55:53|1.379335|103.827731
2016-11-07 07:56:04|1.379335|103.827731
2016-11-07 07:56:14|1.379335|103.827731
2016-11-07 07:56:25|1.379335|103.827731
2016-11-07 07:56:35|1.379335|103.827731
2016-11-07 07:56:46|1.379335|103.827731
2016-11-07 07:56:57|1.379335|103.827731
2016-11-07 07:57:08|1.379335|103.827731
2016-11-07 07:57:19|1.379335|103.827731
2016-11-07 07:57:29|1.379335|103.827731
2016-11-07 07:57:39|1.379335|103.827731
2016-11-07 07:57:49|1.379335|103.827731
2016-11-07 07:57:49|1.379335|103.827731
2016-11-07 07:58:00|1.379335|103.827731
2016-11-07 07:58:11|1.379335|103.827731
2016-11-07 07:58:21|1.379335|103.827731
2016-11-07 07:58:31|1.379335|103.827731
2016-11-07 07:58:42|1.379335|103.827731
2016-11-07 07:58:53|1.379335|103.827731
2016-11-07 07:59:04|1.379335|103.827731
2016-11-07 07:59:04|1.379335|103.827731
2016-11-07 07:59:15|1.379335|103.827731
2016-11-07 07:59:26|1.379200|103.827770
2016-11-07 07:59:26|1.379200|103.827770
2016-11-07 07:59:36|1.378634|103.828066
2016-11-07 07:59:47|1.377834|103.828338
2016-11-07 07:59:58|1.376912|103.828506
2016-11-07 08:00:08|1.376020|103.828539
2016-11-07 08:00:19|1.374932|103.828593
2016-11-07 08:00:19|1.374932|103.828593
2016-11-07 08:00:30|1.373865|103.828655
2016-11-07 08:00:41|1.372878|103.828702
2016-11-07 08:00:51|1.371890|103.828726
2016-11-07 08:01:01|1.370903|103.828701
2016-11-07 08:01:11|1.369924|103.828646
2016-11-07 08:01:21|1.369000|103.828561
2016-11-07 08:01:32|1.368213|103.828586
2016-11-07 08:01:43|1.368063|103.828779
2016-11-07 08:01:53|1.367993|103.829498
2016-11-07 08:02:03|1.367927|103.830166
2016-11-07 08:02:14|1.367871|103.830976
2016-11-07 08:02:25|1.367743|103.832133
2016-11-07 08:02:35|1.367503|103.833226
2016-11-07 08:02:45|1.367176|103.834332
2016-11-07 08:02:55|1.366796|103.835371
2016-11-07 08:03:06|1.366380|103.836500
2016-11-07 08:03:17|1.365951|103.837719
2016-11-07 08:03:28|1.365457|103.839086
2016-11-07 08:03:39|1.364911|103.840466
2016-11-07 08:03:49|1.364606|103.841538
2016-11-07 08:03:59|1.364583|103.841699
2016-11-07 08:03:59|1.364583|103.841699
2016-11-07 08:04:10|1.364583|103.841699
2016-11-07 08:04:20|1.364551|103.841890
2016-11-07 08:04:31|1.364503|103.842607
2016-11-07 08:04:42|1.364493|103.842765
2016-11-07 08:04:52|1.364493|103.842765
2016-11-07 08:05:02|1.364493|103.842765
2016-11-07 08:05:13|1.364493|103.842765
2016-11-07 08:05:23|1.364493|103.842765
2016-11-07 08:05:33|1.364493|103.842765
2016-11-07 08:05:44|1.364493|103.842765
2016-11-07 08:05:54|1.364493|103.842765
2016-11-07 08:06:04|1.364493|103.842765
2016-11-07 08:06:14|1.364493|103.842765
2016-11-07 08:06:24|1.364493|103.842765
2016-11-07 08:06:24|1.364493|103.842765
2016-11-07 08:06:35|1.364454|103.843314
2016-11-07 08:06:46|1.364420|103.844492
2016-11-07 08:06:56|1.364431|103.844978
2016-11-07 08:07:07|1.364423|103.844989
2016-11-07 08:07:17|1.364423|103.844989
2016-11-07 08:07:28|1.364423|103.844989
2016-11-07 08:07:38|1.364423|103.844989
2016-11-07 08:07:49|1.364423|103.844989
2016-11-07 08:07:49|1.364423|103.844989
2016-11-07 08:08:00|1.364423|103.844989
2016-11-07 08:08:11|1.364423|103.844989
2016-11-07 08:08:21|1.364423|103.844989
2016-11-07 08:08:32|1.364287|103.845291
2016-11-07 08:08:43|1.364131|103.846236
2016-11-07 08:08:54|1.363837|103.847378
2016-11-07 08:09:05|1.363267|103.848541
2016-11-07 08:09:15|1.363249|103.848732
2016-11-07 08:09:25|1.363590|103.849073
2016-11-07 08:09:36|1.364181|103.849585
2016-11-07 08:09:47|1.364911|103.850106
2016-11-07 08:09:58|1.365587|103.850066
2016-11-07 08:10:08|1.365905|103.849590
2016-11-07 08:10:18|1.365890|103.849122
2016-11-07 08:10:28|1.365890|103.849122
2016-11-07 08:10:39|1.365913|103.848957
2016-11-07 08:10:39|1.365913|103.848957
2016-11-07 08:10:50|1.365896|103.848193
2016-11-07 08:11:00|1.365819|103.847265
2016-11-07 08:11:11|1.366222|103.846037
2016-11-07 08:11:22|1.366715|103.845458
2016-11-07 08:11:33|1.367201|103.844840
2016-11-07 08:11:44|1.366849|103.844630
2016-11-07 08:11:54|1.366801|103.844606
2016-11-07 08:12:04|1.366801|103.844606
2016-11-07 08:12:15|1.366801|103.844606
2016-11-07 08:12:25|1.366801|103.844606
2016-11-07 08:12:36|1.366254|103.844231
2016-11-07 08:12:46|1.366164|103.844163
2016-11-07 08:12:57|1.366164|103.844163
2016-11-07 08:13:07|1.366164|103.844163
2016-11-07 08:13:18|1.366164|103.844163
2016-11-07 08:13:28|1.366029|103.844061
2016-11-07 08:13:39|1.365426|103.843609
2016-11-07 08:13:39|1.365426|103.843609
2016-11-07 08:13:50|1.365005|103.843423
2016-11-07 08:14:00|1.365005|103.843423
2016-11-07 08:14:11|1.365005|103.843423
2016-11-07 08:14:21|1.365005|103.843423
2016-11-07 08:14:32|1.365005|103.843423
2016-11-07 08:14:42|1.365005|103.843423
2016-11-07 08:14:53|1.365005|103.843423
2016-11-07 08:15:03|1.365005|103.843423
2016-11-07 08:15:13|1.365005|103.843423
2016-11-07 08:15:23|1.364732|103.843295
2016-11-07 08:15:34|1.364074|103.843010
2016-11-07 08:15:45|1.363759|103.842906
2016-11-07 08:15:56|1.363759|103.842906
2016-11-07 08:16:06|1.363600|103.842832
2016-11-07 08:16:17|1.363116|103.842666
2016-11-07 08:16:28|1.362479|103.842488
2016-11-07 08:16:39|1.362021|103.842377
2016-11-07 08:16:49|1.361598|103.842256
2016-11-07 08:16:49|1.361598|103.842256
2016-11-07 08:17:00|1.361382|103.842205
2016-11-07 08:17:10|1.361382|103.842205
2016-11-07 08:17:21|1.361382|103.842205
2016-11-07 08:17:31|1.361382|103.842205
2016-11-07 08:17:41|1.361382|103.842205
2016-11-07 08:17:51|1.361382|103.842205
2016-11-07 08:18:02|1.360966|103.842076
2016-11-07 08:18:12|1.360142|103.841792
2016-11-07 08:18:22|1.359037|103.841552
2016-11-07 08:18:33|1.357567|103.841589
2016-11-07 08:18:43|1.356175|103.841702
2016-11-07 08:18:53|1.354692|103.841300
2016-11-07 08:19:04|1.353181|103.840638
2016-11-07 08:19:15|1.351760|103.840058
2016-11-07 08:19:25|1.351576|103.839999
2016-11-07 08:19:35|1.351576|103.839999
2016-11-07 08:19:45|1.351576|103.839999
2016-11-07 08:19:55|1.351576|103.839999
2016-11-07 08:20:05|1.351576|103.839999
2016-11-07 08:20:16|1.351576|103.839999
2016-11-07 08:20:27|1.351576|103.839999
2016-11-07 08:20:37|1.351207|103.839880
2016-11-07 08:20:48|1.350134|103.839723
2016-11-07 08:20:59|1.349017|103.839611
2016-11-07 08:21:09|1.348555|103.839562
2016-11-07 08:21:09|1.348555|103.839562
2016-11-07 08:21:19|1.347783|103.839460
2016-11-07 08:21:30|1.346729|103.839318
2016-11-07 08:21:41|1.345618|103.839187
2016-11-07 08:21:51|1.344584|103.839043
2016-11-07 08:22:01|1.343235|103.839171
2016-11-07 08:22:12|1.341597|103.839589
2016-11-07 08:22:23|1.340294|103.839099
2016-11-07 08:22:34|1.339585|103.838113
2016-11-07 08:22:44|1.339196|103.837704
2016-11-07 08:22:55|1.338647|103.837481
2016-11-07 08:23:06|1.337442|103.837397
2016-11-07 08:23:16|1.336414|103.837298
2016-11-07 08:23:27|1.335356|103.837097
2016-11-07 08:23:38|1.334341|103.837442
2016-11-07 08:23:48|1.333713|103.837995
2016-11-07 08:23:48|1.333713|103.837995
2016-11-07 08:23:59|1.333032|103.838316
2016-11-07 08:24:09|1.332062|103.838670
2016-11-07 08:24:19|1.331063|103.839050
2016-11-07 08:24:30|1.330302|103.839480
2016-11-07 08:24:41|1.330302|103.839480
2016-11-07 08:24:52|1.330302|103.839480
2016-11-07 08:25:03|1.330302|103.839480
2016-11-07 08:25:13|1.330302|103.839480
2016-11-07 08:25:23|1.330302|103.839480
2016-11-07 08:25:33|1.330278|103.839570
2016-11-07 08:25:44|1.329828|103.840150
2016-11-07 08:25:55|1.329482|103.840428
2016-11-07 08:26:05|1.329251|103.840505
2016-11-07 08:26:15|1.329139|103.840575
2016-11-07 08:26:25|1.329014|103.840663
2016-11-07 08:26:36|1.328931|103.840726
2016-11-07 08:26:47|1.328126|103.841026
2016-11-07 08:26:57|1.327420|103.841421
2016-11-07 08:27:07|1.326632|103.841898
2016-11-07 08:27:17|1.325571|103.842171
2016-11-07 08:27:28|1.324336|103.842045
2016-11-07 08:27:38|1.323131|103.841839
2016-11-07 08:27:38|1.323131|103.841839
2016-11-07 08:27:49|1.321831|103.841833
2016-11-07 08:27:59|1.321125|103.842160
2016-11-07 08:28:09|1.320676|103.842463
2016-11-07 08:28:20|1.320074|103.842978
2016-11-07 08:28:31|1.319870|103.843355
2016-11-07 08:28:41|1.319870|103.843355
2016-11-07 08:28:41|1.319870|103.843355
2016-11-07 08:28:51|1.319870|103.843355
2016-11-07 08:29:02|1.319870|103.843355
2016-11-07 08:29:12|1.319639|103.843419
2016-11-07 08:29:23|1.319639|103.843419
2016-11-07 08:29:33|1.319639|103.843419
2016-11-07 08:29:44|1.319639|103.843419
2016-11-07 08:29:54|1.319639|103.843419
2016-11-07 08:30:04|1.319639|103.843419
2016-11-07 08:30:15|1.319639|103.843419
2016-11-07 08:30:26|1.319544|103.843493
2016-11-07 08:30:37|1.319544|103.843493
2016-11-07 08:30:47|1.319544|103.843493
2016-11-07 08:30:57|1.319446|103.843602
2016-11-07 08:31:07|1.319376|103.843789
2016-11-07 08:31:18|1.319376|103.843789
2016-11-07 08:31:29|1.318999|103.844360
2016-11-07 08:31:29|1.318999|103.844360
2016-11-07 08:31:39|1.317766|103.844539
2016-11-07 08:31:50|1.316350|103.844861
2016-11-07 08:32:00|1.315321|103.845199
2016-11-07 08:32:10|1.314659|103.845401
2016-11-07 08:32:21|1.314038|103.845708
2016-11-07 08:32:32|1.313122|103.846393
2016-11-07 08:32:42|1.312417|103.847154
2016-11-07 08:32:52|1.312108|103.847466
2016-11-07 08:33:03|1.311914|103.847691
2016-11-07 08:33:14|1.311334|103.848078
2016-11-07 08:33:24|1.311271|103.848095
2016-11-07 08:33:34|1.311271|103.848095
2016-11-07 08:33:44|1.311271|103.848095
2016-11-07 08:33:55|1.311271|103.848095
2016-11-07 08:34:05|1.311271|103.848095
2016-11-07 08:34:15|1.311192|103.848103
2016-11-07 08:34:26|1.310582|103.848078
2016-11-07 08:34:37|1.309686|103.847749
2016-11-07 08:34:47|1.308846|103.847397
2016-11-07 08:34:58|1.308601|103.847286
2016-11-07 08:35:09|1.308375|103.847289
2016-11-07 08:35:09|1.308375|103.847289
2016-11-07 08:35:29|1.307019|103.848638
2016-11-07 08:35:39|1.306265|103.849547
2016-11-07 08:35:49|1.305782|103.850147
2016-11-07 08:35:49|1.305782|103.850147
2016-11-07 08:36:00|1.305317|103.850696
2016-11-07 08:36:10|1.304777|103.851514
2016-11-07 08:36:20|1.304290|103.852499
2016-11-07 08:36:31|1.303743|103.853733
2016-11-07 08:36:41|1.303235|103.854679
2016-11-07 08:36:52|1.303059|103.855606
2016-11-07 08:37:03|1.302620|103.856180
2016-11-07 08:37:13|1.302523|103.856294
2016-11-07 08:37:23|1.302523|103.856294
2016-11-07 08:37:34|1.302523|103.856294
2016-11-07 08:37:44|1.302523|103.856294
2016-11-07 08:37:55|1.302523|103.856294
2016-11-07 08:38:06|1.302523|103.856294
2016-11-07 08:38:17|1.302441|103.856407
2016-11-07 08:38:27|1.302079|103.856889
2016-11-07 08:38:37|1.301508|103.857628
2016-11-07 08:38:47|1.300696|103.858609
2016-11-07 08:38:58|1.299858|103.859373
2016-11-07 08:39:08|1.299488|103.859597
2016-11-07 08:39:19|1.298368|103.859043
2016-11-07 08:39:19|1.298368|103.859043
2016-11-07 08:39:29|1.297762|103.857738
2016-11-07 08:39:40|1.296885|103.856784
2016-11-07 08:39:50|1.295971|103.856140
2016-11-07 08:40:01|1.294697|103.855484
2016-11-07 08:40:11|1.294167|103.855018
2016-11-07 08:40:22|1.294146|103.855000
2016-11-07 08:40:33|1.294146|103.855000
2016-11-07 08:40:43|1.294146|103.855000
2016-11-07 08:40:53|1.294146|103.855000
2016-11-07 08:41:03|1.294146|103.855000
2016-11-07 08:41:13|1.294146|103.855000
2016-11-07 08:41:24|1.294146|103.855000
2016-11-07 08:41:35|1.294146|103.855000
2016-11-07 08:41:46|1.293953|103.854867
2016-11-07 08:41:56|1.293612|103.855034
2016-11-07 08:42:06|1.293514|103.855154
2016-11-07 08:42:16|1.293514|103.855154
2016-11-07 08:42:27|1.293514|103.855154
2016-11-07 08:42:37|1.293514|103.855154
2016-11-07 08:42:48|1.293469|103.855208
2016-11-07 08:42:59|1.293146|103.855754
2016-11-07 08:43:09|1.293146|103.855670
2016-11-07 08:43:09|1.292463|103.855670
2016-11-07 08:43:19|1.291966|103.855470
2016-11-07 08:43:29|1.291937|103.855438
2016-11-07 08:43:40|1.291822|103.855362
2016-11-07 08:43:50|1.291076|103.854993
2016-11-07 08:44:01|1.289650|103.854487
2016-11-07 08:44:11|1.288333|103.854254
2016-11-07 08:44:22|1.287388|103.854095
2016-11-07 08:44:32|1.286781|103.853989
2016-11-07 08:44:43|1.285731|103.853670
2016-11-07 08:44:53|1.284502|103.853129
2016-11-07 08:45:04|1.283664|103.852762
2016-11-07 08:45:18|1.283664|103.852762
2016-11-07 08:45:28|1.283664|103.852762
2016-11-07 08:45:28|1.283664|103.852762
2016-11-07 08:45:39|1.283664|103.852762
2016-11-07 08:45:51|1.283419|103.851811
2016-11-07 08:46:03|1.282891|103.851965
2016-11-07 08:46:13|1.282050|103.852484
2016-11-07 08:46:24|1.281570|103.852143
2016-11-07 08:46:34|1.281561|103.852139
2016-11-07 08:46:44|1.281282|103.851637
2016-11-07 08:46:55|1.281198|103.851511
2016-11-07 08:47:05|1.281198|103.851511
2016-11-07 08:47:16|1.281198|103.851511
2016-11-07 08:47:27|1.281198|103.851511
2016-11-07 08:47:37|1.281047|103.851637
2016-11-07 08:47:47|1.280669|103.851307
2016-11-07 08:47:57|1.279988|103.850802
2016-11-07 08:48:08|1.279177|103.850346
2016-11-07 08:48:18|1.278730|103.850416
2016-11-07 08:48:18|1.278730|103.850416
2016-11-07 08:48:29|1.278497|103.850259
2016-11-07 08:48:29|1.278497|103.850259
2016-11-07 08:48:39|1.278469|103.850222
2016-11-07 08:48:49|1.278209|103.849919
2016-11-07 08:48:59|1.277104|103.849505
2016-11-07 08:49:09|1.276358|103.848633
2016-11-07 08:49:19|1.276054|103.848387
2016-11-07 08:49:29|1.276054|103.848387
2016-11-07 08:49:40|1.276054|103.848387
2016-11-07 08:49:50|1.276054|103.848387
2016-11-07 08:50:00|1.276054|103.848387
2016-11-07 08:50:11|1.276054|103.848387
2016-11-07 08:50:22|1.276006|103.848341
2016-11-07 08:50:32|1.275929|103.848308
2016-11-07 08:50:42|1.275601|103.848948
2016-11-07 08:50:52|1.274735|103.850336
2016-11-07 08:51:03|1.273892|103.852149
2016-11-07 08:51:14|1.272948|103.853898
2016-11-07 08:51:25|1.272819|103.855284
2016-11-07 08:51:35|1.273535|103.856627
2016-11-07 08:51:46|1.274958|103.856664
2016-11-07 08:51:56|1.276071|103.857055
2016-11-07 08:52:07|1.276344|103.857222
2016-11-07 08:52:17|1.276344|103.857222
2016-11-07 08:52:27|1.276344|103.857222
2016-11-07 08:52:37|1.276344|103.857222
2016-11-07 08:52:47|1.276344|103.857222
2016-11-07 08:52:58|1.276344|103.857222
2016-11-07 08:52:58|1.276344|103.857222
2016-11-07 08:53:09|1.276344|103.857222
2016-11-07 08:53:20|1.276344|103.857222
2016-11-07 08:53:31|1.276344|103.857222
2016-11-07 08:53:41|1.276344|103.857222
2016-11-07 08:53:51|1.276524|103.857333
2016-11-07 08:54:02|1.277327|103.857854
2016-11-07 08:54:13|1.277526|103.857969
2016-11-07 08:54:23|1.278119|103.858365
2016-11-07 08:54:34|1.279012|103.858923
2016-11-07 08:54:44|1.279901|103.859487
2016-11-07 08:54:54|1.280647|103.859942
2016-11-07 08:55:05|1.280964|103.860137
2016-11-07 08:55:15|1.280964|103.860137
2016-11-07 08:55:25|1.281067|103.860180
2016-11-07 08:55:35|1.281467|103.860397
2016-11-07 08:55:46|1.281821|103.860207
2016-11-07 08:55:56|1.282055|103.859894
2016-11-07 08:56:06|1.282074|103.859879
2016-11-07 08:56:16|1.282074|103.859879
2016-11-07 08:56:26|1.282074|103.859879
2016-11-07 08:56:37|1.282074|103.859879
2016-11-07 08:56:47|1.282074|103.859879
2016-11-07 08:56:57|1.282147|103.859795
2016-11-07 08:57:08|1.282368|103.859816
2016-11-07 08:57:18|1.282426|103.859852
2016-11-07 08:57:18|1.282426|103.859852
2016-11-07 08:57:29|1.282426|103.859852
2016-11-07 08:57:29|1.282426|103.859852
2016-11-07 08:57:40|1.282460|103.859986
2016-11-07 08:57:50|1.282429|103.860091
2016-11-07 08:58:00|1.282193|103.860195
2016-11-07 08:58:11|1.282047|103.860208
2016-11-07 08:58:21|1.282047|103.860208
2016-11-07 08:58:32|1.282055|103.859850
2016-11-07 08:58:43|1.282078|103.859823
2016-11-07 08:58:53|1.282105|103.859796
2016-11-07 08:59:04|1.282206|103.859631
2016-11-07 08:59:15|1.281877|103.859118
2016-11-07 08:59:25|1.281188|103.858616
2016-11-07 08:59:35|1.281074|103.858588
2016-11-07 08:59:46|1.280100|103.858027
2016-11-07 08:59:57|1.279226|103.857467
2016-11-07 09:00:08|1.279125|103.857412
2016-11-07 09:00:08|1.279125|103.857412
2016-11-07 09:00:19|1.279081|103.857376
2016-11-07 09:00:29|1.278455|103.856956
2016-11-07 09:00:40|1.277441|103.856279
2016-11-07 09:00:50|1.277533|103.855632
2016-11-07 09:01:01|1.277886|103.855097
2016-11-07 09:01:11|1.278296|103.854433
2016-11-07 09:01:22|1.278923|103.853443
2016-11-07 09:01:33|1.279056|103.853265
2016-11-07 09:01:43|1.279056|103.853265
2016-11-07 09:01:53|1.279056|103.853265
2016-11-07 09:02:04|1.279337|103.852915
2016-11-07 09:02:14|1.279337|103.852915
2016-11-07 09:02:25|1.279449|103.852723
2016-11-07 09:02:36|1.279747|103.852293
2016-11-07 09:02:46|1.279892|103.852047
2016-11-07 09:02:56|1.279892|103.852047
2016-11-07 09:03:06|1.279892|103.852047
2016-11-07 09:03:17|1.279892|103.852047
2016-11-07 09:03:27|1.279892|103.852047
2016-11-07 09:03:38|1.279892|103.852047
2016-11-07 09:03:49|1.279892|103.852047
2016-11-07 09:03:59|1.279892|103.852047
2016-11-07 09:03:59|1.279892|103.852047
2016-11-07 09:04:10|1.279495|103.851267
2016-11-07 09:04:20|1.279405|103.850537
2016-11-07 09:04:31|1.279487|103.850338
2016-11-07 09:04:42|1.279487|103.850338
2016-11-07 09:04:52|1.279487|103.850338
2016-11-07 09:05:02|1.279487|103.850338
2016-11-07 09:05:02|1.279487|103.850338
2016-11-07 09:05:27|1.279487|103.850338
2016-11-07 09:05:27|1.279487|103.850338
2016-11-07 09:05:42|1.279487|103.850338
2016-11-07 09:05:52|1.279487|103.850338
2016-11-07 09:06:06|1.279799|103.850057
2016-11-07 09:06:17|1.280713|103.849826
2016-11-07 09:06:27|1.281335|103.849731
2016-11-07 09:06:48|1.281401|103.849666
2016-11-07 09:06:48|1.281401|103.849666
2016-11-07 09:06:59|1.281401|103.849666
2016-11-07 09:07:09|1.281401|103.849666
2016-11-07 09:07:20|1.281401|103.849666
2016-11-07 09:07:30|1.281401|103.849666
2016-11-07 09:07:41|1.281595|103.849335
2016-11-07 09:07:51|1.282073|103.848504
2016-11-07 09:08:02|1.282668|103.847648
2016-11-07 09:08:12|1.282977|103.847158
2016-11-07 09:08:23|1.282977|103.847158
2016-11-07 09:08:34|1.283301|103.846788
2016-11-07 09:08:44|1.283685|103.846165
2016-11-07 09:08:55|1.284066|103.845464
2016-11-07 09:09:06|1.284429|103.844817
2016-11-07 09:09:16|1.284840|103.844040
2016-11-07 09:09:27|1.285385|103.843300
2016-11-07 09:09:38|1.286097|103.842428
2016-11-07 09:09:48|1.286985|103.842274
2016-11-07 09:09:58|1.287692|103.842192
2016-11-07 09:09:58|1.287692|103.842192
2016-11-07 09:09:58|1.287692|103.842192
2016-11-07 09:10:22|1.287703|103.840758
2016-11-07 09:10:31|1.287703|103.840755
2016-11-07 09:10:42|1.288788|103.841259
2016-11-07 09:10:42|1.288788|103.841259
2016-11-07 09:11:06|1.288788|103.841259
2016-11-07 09:11:16|1.288788|103.841259
2016-11-07 09:11:26|1.288788|103.841259
2016-11-07 09:11:37|1.288788|103.841259
2016-11-07 09:11:42|1.302236|103.841908
2016-11-07 09:11:53|1.303243|103.840511
2016-11-07 09:12:03|1.304868|103.839901
2016-11-07 09:12:03|1.304868|103.839901
2016-11-07 09:12:23|1.306068|103.840019
2016-11-07 09:12:34|1.306068|103.840019
2016-11-07 09:12:44|1.307676|103.842096
2016-11-07 09:12:53|1.312393|103.844750
2016-11-07 09:13:03|1.314017|103.845272
2016-11-07 09:13:14|1.315808|103.846455
2016-11-07 09:13:24|1.317065|103.848125
2016-11-07 09:13:35|1.317941|103.849930
2016-11-07 09:13:46|1.318723|103.851725
2016-11-07 09:13:56|1.319442|103.853280
2016-11-07 09:14:07|1.320440|103.854872
2016-11-07 09:14:17|1.321674|103.856178
2016-11-07 09:14:27|1.323030|103.857361
2016-11-07 09:14:38|1.324402|103.858706
2016-11-07 09:14:48|1.325601|103.860035
2016-11-07 09:14:58|1.326911|103.861280
2016-11-07 09:15:08|1.328668|103.862134
2016-11-07 09:15:08|1.328668|103.862134
2016-11-07 09:15:19|1.330703|103.862311
2016-11-07 09:15:30|1.332830|103.862213
2016-11-07 09:15:40|1.334862|103.862112
2016-11-07 09:15:50|1.336891|103.862042
2016-11-07 09:16:01|1.339047|103.861837
2016-11-07 09:16:12|1.341078|103.861180
2016-11-07 09:16:22|1.342896|103.860493
2016-11-07 09:16:33|1.344786|103.859828
2016-11-07 09:16:44|1.346601|103.859119
2016-11-07 09:16:54|1.348122|103.858575
2016-11-07 09:17:04|1.349608|103.858029
2016-11-07 09:17:15|1.351277|103.857430
2016-11-07 09:17:26|1.352787|103.856920
2016-11-07 09:17:37|1.353754|103.856647
2016-11-07 09:17:48|1.354883|103.856258
2016-11-07 09:17:48|1.354883|103.856258
2016-11-07 09:17:59|1.355765|103.855685
2016-11-07 09:18:11|1.356623|103.854705
2016-11-07 09:18:22|1.357536|103.854156
2016-11-07 09:18:32|1.358027|103.853928
2016-11-07 09:18:43|1.358027|103.853928
2016-11-07 09:18:53|1.358106|103.853895
2016-11-07 09:19:04|1.358722|103.853578
2016-11-07 09:19:14|1.359392|103.853109
2016-11-07 09:19:25|1.359942|103.852590
2016-11-07 09:19:35|1.360016|103.852512
2016-11-07 09:19:46|1.360016|103.852512
2016-11-07 09:19:56|1.360016|103.852512
2016-11-07 09:20:07|1.360016|103.852512
2016-11-07 09:20:18|1.360016|103.852512
2016-11-07 09:20:28|1.360016|103.852512
2016-11-07 09:20:39|1.360016|103.852512
2016-11-07 09:20:39|1.360016|103.852512
2016-11-07 09:20:50|1.360513|103.851929
2016-11-07 09:21:01|1.361413|103.850876
2016-11-07 09:21:12|1.362344|103.849706
2016-11-07 09:21:23|1.363107|103.848386
2016-11-07 09:21:33|1.363633|103.847201
2016-11-07 09:21:43|1.363982|103.846067
2016-11-07 09:21:54|1.364129|103.844592
2016-11-07 09:22:05|1.364100|103.843372
2016-11-07 09:22:16|1.363330|103.842780
2016-11-07 09:22:26|1.362375|103.842479
2016-11-07 09:22:37|1.361587|103.842225
2016-11-07 09:22:47|1.361561|103.842207
2016-11-07 09:22:58|1.361326|103.842149
2016-11-07 09:23:08|1.360787|103.841824
2016-11-07 09:23:19|1.360975|103.841215
2016-11-07 09:23:19|1.360975|103.841215
2016-11-07 09:23:30|1.361316|103.840507
2016-11-07 09:23:41|1.361597|103.839877
2016-11-07 09:23:52|1.361890|103.839196
2016-11-07 09:24:03|1.362350|103.838181
2016-11-07 09:24:13|1.362704|103.837336
2016-11-07 09:24:24|1.363097|103.836427
2016-11-07 09:24:34|1.363461|103.835619
2016-11-07 09:24:45|1.363710|103.835053
2016-11-07 09:24:55|1.363734|103.834835
2016-11-07 09:25:06|1.363776|103.834119
2016-11-07 09:25:17|1.363610|103.833594
2016-11-07 09:25:28|1.363568|103.833529
2016-11-07 09:25:38|1.363568|103.833529
2016-11-07 09:25:49|1.363568|103.833529
2016-11-07 09:25:59|1.363427|103.833269
2016-11-07 09:26:09|1.363084|103.832533
2016-11-07 09:26:09|1.363084|103.832533
2016-11-07 09:26:20|1.362527|103.832344
2016-11-07 09:26:31|1.362507|103.832513
2016-11-07 09:26:42|1.362248|103.832831
2016-11-07 09:26:52|1.362411|103.833334
2016-11-07 09:27:02|1.362504|103.833976
2016-11-07 09:27:12|1.362371|103.834539
2016-11-07 09:27:22|1.362477|103.834770
2016-11-07 09:27:22|1.362477|103.834770
2016-11-07 09:27:33|1.362852|103.834950
2016-11-07 09:27:44|1.363155|103.834980
2016-11-07 09:27:54|1.363471|103.835139
2016-11-07 09:28:05|1.363789|103.834963
2016-11-07 09:28:15|1.363750|103.834024
2016-11-07 09:28:26|1.363543|103.833537
2016-11-07 09:28:37|1.363543|103.833537
2016-11-07 09:28:48|1.363333|103.832947
2016-11-07 09:28:59|1.362868|103.832284
2016-11-07 09:29:09|1.362530|103.832371
2016-11-07 09:29:19|1.362518|103.832537
2016-11-07 09:29:19|1.362518|103.832537
2016-11-07 09:29:30|1.362310|103.832913
2016-11-07 09:29:40|1.362426|103.833345
2016-11-07 09:29:40|1.362426|103.833345
2016-11-07 09:30:35|1.362408|103.833491
2016-11-07 09:30:35|1.362408|103.833491
2016-11-07 09:30:35|1.362408|103.833491
2016-11-07 09:30:45|1.362390|103.833542
2016-11-07 09:30:56|1.362390|103.833542
2016-11-07 09:31:07|1.362282|103.833233
2016-11-07 09:31:18|1.362214|103.832829
2016-11-07 09:31:29|1.362354|103.832614
2016-11-07 09:31:39|1.362436|103.832435
2016-11-07 09:31:50|1.362472|103.832295
2016-11-07 09:32:01|1.362339|103.832158
2016-11-07 09:32:11|1.361684|103.832103
2016-11-07 09:32:22|1.360663|103.832125
2016-11-07 09:32:32|1.359718|103.832121
2016-11-07 09:32:32|1.359718|103.832121
2016-11-07 09:32:43|1.359230|103.831351
2016-11-07 09:32:53|1.359258|103.830458
2016-11-07 09:33:03|1.359292|103.829670
2016-11-07 09:33:14|1.359240|103.828940
2016-11-07 09:33:24|1.358391|103.828817
2016-11-07 09:33:35|1.357129|103.829223
2016-11-07 09:33:46|1.356140|103.830239
2016-11-07 09:33:57|1.355393|103.831276
2016-11-07 09:34:08|1.354943|103.832414
2016-11-07 09:34:18|1.354383|103.833369
2016-11-07 09:34:28|1.353787|103.833965
2016-11-07 09:34:39|1.353670|103.834055
2016-11-07 09:34:50|1.353670|103.834055
2016-11-07 09:35:01|1.353622|103.834080
2016-11-07 09:35:11|1.353585|103.834060
2016-11-07 09:35:21|1.353450|103.834215
2016-11-07 09:35:32|1.352888|103.834855
2016-11-07 09:35:32|1.352888|103.834855
2016-11-07 09:35:43|1.352013|103.835615
2016-11-07 09:35:53|1.350932|103.836023
2016-11-07 09:36:04|1.350001|103.837055
2016-11-07 09:36:14|1.348960|103.837532
2016-11-07 09:36:24|1.347897|103.838106
2016-11-07 09:36:34|1.346661|103.838694
2016-11-07 09:36:45|1.345256|103.838746
2016-11-07 09:36:55|1.344366|103.838683
2016-11-07 09:37:06|1.344112|103.838677
2016-11-07 09:37:16|1.343833|103.838662
2016-11-07 09:37:27|1.343446|103.838610
2016-11-07 09:37:37|1.343248|103.838469
2016-11-07 09:37:47|1.343031|103.838246
2016-11-07 09:37:57|1.342684|103.837559
2016-11-07 09:38:07|1.342126|103.836676
2016-11-07 09:38:18|1.340972|103.836571
2016-11-07 09:38:29|1.339982|103.837080
2016-11-07 09:38:40|1.339804|103.837195
2016-11-07 09:38:50|1.339804|103.837195
2016-11-07 09:39:01|1.339804|103.837195
2016-11-07 09:39:12|1.339804|103.837195
2016-11-07 09:39:22|1.339653|103.837290
2016-11-07 09:39:22|1.339653|103.837290
2016-11-07 09:39:33|1.338921|103.837520
2016-11-07 09:39:44|1.338612|103.837465
2016-11-07 09:39:54|1.338612|103.837465
2016-11-07 09:40:04|1.338393|103.837431
2016-11-07 09:40:15|1.337449|103.837413
2016-11-07 09:40:25|1.336325|103.837284
2016-11-07 09:40:36|1.334920|103.837144
2016-11-07 09:40:47|1.333827|103.837812
2016-11-07 09:40:58|1.332517|103.838471
2016-11-07 09:41:08|1.331246|103.838952
2016-11-07 09:41:19|1.330512|103.839274
2016-11-07 09:41:30|1.330495|103.839294
2016-11-07 09:41:41|1.330495|103.839294
2016-11-07 09:41:52|1.330238|103.839535
2016-11-07 09:41:52|1.330238|103.839535
2016-11-07 09:42:03|1.329634|103.840264
2016-11-07 09:42:13|1.328843|103.840699
2016-11-07 09:42:23|1.328010|103.841079
2016-11-07 09:42:34|1.327153|103.841522
2016-11-07 09:42:45|1.326495|103.841904
2016-11-07 09:42:56|1.326001|103.842063
2016-11-07 09:43:06|1.325712|103.842105
2016-11-07 09:43:16|1.325141|103.842104
2016-11-07 09:43:27|1.324276|103.841971
2016-11-07 09:43:38|1.323549|103.841814
2016-11-07 09:43:48|1.322642|103.841697
2016-11-07 09:43:58|1.321642|103.841774
2016-11-07 09:44:08|1.320749|103.842298
2016-11-07 09:44:19|1.320323|103.842689
2016-11-07 09:44:29|1.320296|103.842842
2016-11-07 09:44:40|1.320296|103.842842
2016-11-07 09:44:51|1.320055|103.843164
2016-11-07 09:45:02|1.319311|103.843763
2016-11-07 09:45:02|1.319311|103.843763
2016-11-07 09:45:13|1.319176|103.843821
2016-11-07 09:45:23|1.319176|103.843821
2016-11-07 09:45:33|1.319176|103.843821
2016-11-07 09:45:44|1.319176|103.843821
2016-11-07 09:45:55|1.319176|103.843821
2016-11-07 09:46:06|1.319176|103.843821
2016-11-07 09:46:16|1.319176|103.843821
2016-11-07 09:46:26|1.319176|103.843821
2016-11-07 09:46:37|1.319176|103.843821
2016-11-07 09:46:47|1.319176|103.843821
2016-11-07 09:46:58|1.319176|103.843821
2016-11-07 09:47:08|1.319030|103.843866
2016-11-07 09:47:19|1.318954|103.842959
2016-11-07 09:47:29|1.318049|103.841862
2016-11-07 09:47:40|1.316450|103.841422
2016-11-07 09:47:50|1.314990|103.841104
2016-11-07 09:48:01|1.313899|103.840224
2016-11-07 09:48:12|1.313724|103.839939
2016-11-07 09:48:22|1.313724|103.839939
2016-11-07 09:48:22|1.313724|103.839939
2016-11-07 09:48:33|1.313724|103.839939
2016-11-07 09:48:44|1.313724|103.839939
2016-11-07 09:48:54|1.313515|103.839700
2016-11-07 09:49:05|1.313023|103.839622
2016-11-07 09:49:15|1.312532|103.839265
2016-11-07 09:49:25|1.311856|103.839241
2016-11-07 09:49:36|1.311227|103.839378
2016-11-07 09:49:47|1.311207|103.839383
2016-11-07 09:49:57|1.311064|103.839380
2016-11-07 09:50:07|1.310269|103.839550
2016-11-07 09:50:17|1.309167|103.839763
2016-11-07 09:50:28|1.307836|103.840068
2016-11-07 09:50:38|1.306849|103.840398
2016-11-07 09:50:49|1.306165|103.839555
2016-11-07 09:50:59|1.306046|103.838978
2016-11-07 09:51:10|1.305689|103.838152
2016-11-07 09:51:20|1.305670|103.838102
2016-11-07 09:51:31|1.305670|103.838102
2016-11-07 09:51:41|1.305670|103.838102
2016-11-07 09:51:51|1.305670|103.838102
2016-11-07 09:51:51|1.305670|103.838102
2016-11-07 09:52:03|1.305523|103.837571
2016-11-07 09:52:14|1.304812|103.837479
2016-11-07 09:52:24|1.303862|103.838147
2016-11-07 09:52:35|1.302688|103.837997
2016-11-07 09:52:46|1.302170|103.837628
2016-11-07 09:52:57|1.302170|103.837628
2016-11-07 09:53:08|1.302170|103.837628
2016-11-07 09:53:19|1.302170|103.837628
2016-11-07 09:53:30|1.302170|103.837628
2016-11-07 09:53:41|1.302170|103.837628
2016-11-07 09:53:52|1.302170|103.837628
2016-11-07 09:53:52|1.302170|103.837628
2016-11-07 09:54:03|1.302170|103.837628
2016-11-07 09:54:13|1.301944|103.837612
2016-11-07 09:54:24|1.301354|103.838899
2016-11-07 09:54:34|1.300722|103.840230
2016-11-07 09:54:45|1.300348|103.841753
2016-11-07 09:54:56|1.300130|103.842554
2016-11-07 09:55:06|1.300130|103.842554
2016-11-07 09:55:17|1.300130|103.842554
2016-11-07 09:55:27|1.300130|103.842554
2016-11-07 09:55:37|1.300102|103.842826
2016-11-07 09:55:48|1.299800|103.843628
2016-11-07 09:55:59|1.299519|103.844524
2016-11-07 09:56:10|1.299432|103.844859
2016-11-07 09:56:20|1.299357|103.845143
2016-11-07 09:56:30|1.299146|103.845850
2016-11-07 09:56:40|1.298973|103.846242
2016-11-07 09:56:40|1.298973|103.846242
2016-11-07 09:56:51|1.298931|103.846346
2016-11-07 09:57:01|1.298844|103.846735
2016-11-07 09:57:11|1.298636|103.847374
2016-11-07 09:57:11|1.298636|103.847374
2016-11-07 09:57:22|1.298467|103.847521
2016-11-07 09:57:32|1.298467|103.847521
2016-11-07 09:57:42|1.298467|103.847521
2016-11-07 09:57:52|1.298467|103.847521
2016-11-07 09:58:03|1.298223|103.847375
2016-11-07 09:58:14|1.297784|103.846455
2016-11-07 09:58:25|1.298058|103.845515
2016-11-07 09:58:36|1.298101|103.845303
2016-11-07 09:58:47|1.298412|103.844386
2016-11-07 09:58:57|1.298943|103.843417
2016-11-07 09:59:08|1.299473|103.842724
2016-11-07 09:59:18|1.300523|103.843003
2016-11-07 09:59:28|1.300894|103.842485
2016-11-07 09:59:38|1.301120|103.841555
2016-11-07 09:59:48|1.301453|103.841543
2016-11-07 09:59:59|1.301494|103.841572
2016-11-07 10:00:09|1.301494|103.841572
2016-11-07 10:00:20|1.301649|103.841655
2016-11-07 10:00:30|1.301814|103.841157
2016-11-07 10:00:40|1.301595|103.841028
2016-11-07 10:00:51|1.301595|103.841028
2016-11-07 10:01:01|1.301595|103.841028
2016-11-07 10:01:01|1.301595|103.841028
2016-11-07 10:01:01|1.301595|103.841028
2016-11-07 10:01:01|1.301595|103.841028
